,lcavol,lweight,age,lbph,svi,lcp,gleason,pgg45,lpsa,cooks_distance,leverage,std_resid
46,2.727852828,3.995445,79,1.87946505,1,2.65675691,9,100,2.5687881,0.21181737294466677,0.23963239042944068,-2.4594674972942956
68,-0.446287103,4.408547,69,-1.38629436,0,-1.38629436,6,0,2.9626924,0.14788671823685143,0.19699006215274711,2.3292931092852105
38,2.660958594,4.085136,68,1.37371558,1,1.83258146,7,35,2.2137539,0.08249944023283784,0.10981836236874293,-2.45328831240307
